<beans xmlns="http://www.springframework.org/schema/beans"
   xmlns:context="http://www.springframework.org/schema/context"
   xmlns:xsi="http://www.w3.org/2001/XMLSchema-instance"
   xsi:schemaLocation="
   http://www.springframework.org/schema/beans     
   http://www.springframework.org/schema/beans/spring-beans-3.0.xsd
   http://www.springframework.org/schema/context 
   http://www.springframework.org/schema/context/spring-context-3.0.xsd">
   
   <context:component-scan base-package="com.spring" />
   <!-- <bean id="HandlerMapping" class="org.springframework.web.servlet.handler.BeanNameUrlHandlerMapping"/>
   <bean name="/login" class="com.spring.HelloController"   />
   <bean name="/welcome" class="com.spring.HelloController"   /> -->
   <bean id="viewResolver" class="org.springframework.web.servlet.view.InternalResourceViewResolver">
   <property name="prefix">
   <value>/WEB-INF/</value>
   
   </property>
   <property name="suffix">
   <value>.jsp</value>
   
   </property>
   </bean>
   </beans>